name,city,state,website,listing_url,draft_message
Carolina's Luxury Events (CLUXE),Charlotte,North Carolina,http://www.cluxinc.com/,https://eventrentalcosts.com/listing/carolina-s-luxury-events-cluxe-charlotte/,"Subject: You're listed on EventRentalCosts.com — real pricing, free

Hi Carolina's Luxury Events (CLUXE) team,

I run EventRentalCosts.com, a comparison site for real, published rental pricing in Charlotte. I recently added your business with the pricing you publish on your own site — no cost to you, no login required:

https://eventrentalcosts.com/listing/carolina-s-luxury-events-cluxe-charlotte/

If you're able to, a link back to that page from your site (or just eventrentalcosts.com) would help other Charlotte customers find you through search, and helps us keep growing the directory. Totally understand if not — either way, wanted you to know you're listed and to flag if anything looks wrong so we can fix it.

Thanks,
EventRentalCosts.com
"
Charlotte Party Rentals,Charlotte,North Carolina,https://charlottepartyrentals.net/,https://eventrentalcosts.com/listing/charlotte-party-rentals-charlotte/,"Subject: You're listed on EventRentalCosts.com — real pricing, free

Hi Charlotte Party Rentals team,

I run EventRentalCosts.com, a comparison site for real, published rental pricing in Charlotte. I recently added your business with the pricing you publish on your own site — no cost to you, no login required:

https://eventrentalcosts.com/listing/charlotte-party-rentals-charlotte/

If you're able to, a link back to that page from your site (or just eventrentalcosts.com) would help other Charlotte customers find you through search, and helps us keep growing the directory. Totally understand if not — either way, wanted you to know you're listed and to flag if anything looks wrong so we can fix it.

Thanks,
EventRentalCosts.com
"
Elite Tent Rental,Charlotte,North Carolina,https://www.etentrent.com/?utm_source=google&utm_medium=organic&utm_campaign=gbp,https://eventrentalcosts.com/listing/elite-tent-rental-charlotte/,"Subject: You're listed on EventRentalCosts.com — real pricing, free

Hi Elite Tent Rental team,

I run EventRentalCosts.com, a comparison site for real, published rental pricing in Charlotte. I recently added your business with the pricing you publish on your own site — no cost to you, no login required:

https://eventrentalcosts.com/listing/elite-tent-rental-charlotte/

If you're able to, a link back to that page from your site (or just eventrentalcosts.com) would help other Charlotte customers find you through search, and helps us keep growing the directory. Totally understand if not — either way, wanted you to know you're listed and to flag if anything looks wrong so we can fix it.

Thanks,
EventRentalCosts.com
"
Everbloom Party Rentals,Charlotte,North Carolina,https://everbloompartyrentals.com/,https://eventrentalcosts.com/listing/everbloom-party-rentals-charlotte/,"Subject: You're listed on EventRentalCosts.com — real pricing, free

Hi Everbloom Party Rentals team,

I run EventRentalCosts.com, a comparison site for real, published rental pricing in Charlotte. I recently added your business with the pricing you publish on your own site — no cost to you, no login required:

https://eventrentalcosts.com/listing/everbloom-party-rentals-charlotte/

If you're able to, a link back to that page from your site (or just eventrentalcosts.com) would help other Charlotte customers find you through search, and helps us keep growing the directory. Totally understand if not — either way, wanted you to know you're listed and to flag if anything looks wrong so we can fix it.

Thanks,
EventRentalCosts.com
"
Hooray Yard Cards Charlotte,Charlotte,North Carolina,http://www.hoorayyardcards.com/charlotte,https://eventrentalcosts.com/listing/hooray-yard-cards-charlotte-charlotte/,"Subject: You're listed on EventRentalCosts.com — real pricing, free

Hi Hooray Yard Cards Charlotte team,

I run EventRentalCosts.com, a comparison site for real, published rental pricing in Charlotte. I recently added your business with the pricing you publish on your own site — no cost to you, no login required:

https://eventrentalcosts.com/listing/hooray-yard-cards-charlotte-charlotte/

If you're able to, a link back to that page from your site (or just eventrentalcosts.com) would help other Charlotte customers find you through search, and helps us keep growing the directory. Totally understand if not — either way, wanted you to know you're listed and to flag if anything looks wrong so we can fix it.

Thanks,
EventRentalCosts.com
"
"Jump & Wobble Bounce House Rentals, Inc.",Charlotte,North Carolina,http://www.jumpwobble.com/,https://eventrentalcosts.com/listing/jump-wobble-bounce-house-rentals-inc-charlotte/,"Subject: You're listed on EventRentalCosts.com — real pricing, free

Hi Jump & Wobble Bounce House Rentals, Inc. team,

I run EventRentalCosts.com, a comparison site for real, published rental pricing in Charlotte. I recently added your business with the pricing you publish on your own site — no cost to you, no login required:

https://eventrentalcosts.com/listing/jump-wobble-bounce-house-rentals-inc-charlotte/

If you're able to, a link back to that page from your site (or just eventrentalcosts.com) would help other Charlotte customers find you through search, and helps us keep growing the directory. Totally understand if not — either way, wanted you to know you're listed and to flag if anything looks wrong so we can fix it.

Thanks,
EventRentalCosts.com
"
LAFF HOUSE GAME TRUCK AND PARTY RENTALS,Charlotte,North Carolina,http://lhpartyrentals.com/,https://eventrentalcosts.com/listing/laff-house-game-truck-and-party-rentals-charlotte/,"Subject: You're listed on EventRentalCosts.com — real pricing, free

Hi LAFF HOUSE GAME TRUCK AND PARTY RENTALS team,

I run EventRentalCosts.com, a comparison site for real, published rental pricing in Charlotte. I recently added your business with the pricing you publish on your own site — no cost to you, no login required:

https://eventrentalcosts.com/listing/laff-house-game-truck-and-party-rentals-charlotte/

If you're able to, a link back to that page from your site (or just eventrentalcosts.com) would help other Charlotte customers find you through search, and helps us keep growing the directory. Totally understand if not — either way, wanted you to know you're listed and to flag if anything looks wrong so we can fix it.

Thanks,
EventRentalCosts.com
"
NewSouth Event Rentals,Charlotte,North Carolina,http://www.newsoutheventrentals.com/,https://eventrentalcosts.com/listing/newsouth-event-rentals-charlotte/,"Subject: You're listed on EventRentalCosts.com — real pricing, free

Hi NewSouth Event Rentals team,

I run EventRentalCosts.com, a comparison site for real, published rental pricing in Charlotte. I recently added your business with the pricing you publish on your own site — no cost to you, no login required:

https://eventrentalcosts.com/listing/newsouth-event-rentals-charlotte/

If you're able to, a link back to that page from your site (or just eventrentalcosts.com) would help other Charlotte customers find you through search, and helps us keep growing the directory. Totally understand if not — either way, wanted you to know you're listed and to flag if anything looks wrong so we can fix it.

Thanks,
EventRentalCosts.com
"
Party Saving Rental,Charlotte,North Carolina,https://partysavingrental.com/,https://eventrentalcosts.com/listing/party-saving-rental-charlotte/,"Subject: You're listed on EventRentalCosts.com — real pricing, free

Hi Party Saving Rental team,

I run EventRentalCosts.com, a comparison site for real, published rental pricing in Charlotte. I recently added your business with the pricing you publish on your own site — no cost to you, no login required:

https://eventrentalcosts.com/listing/party-saving-rental-charlotte/

If you're able to, a link back to that page from your site (or just eventrentalcosts.com) would help other Charlotte customers find you through search, and helps us keep growing the directory. Totally understand if not — either way, wanted you to know you're listed and to flag if anything looks wrong so we can fix it.

Thanks,
EventRentalCosts.com
"
RentMeUSA Party Rentals,Charlotte,North Carolina,http://www.rentameusa.com/,https://eventrentalcosts.com/listing/rentmeusa-party-rentals-charlotte/,"Subject: You're listed on EventRentalCosts.com — real pricing, free

Hi RentMeUSA Party Rentals team,

I run EventRentalCosts.com, a comparison site for real, published rental pricing in Charlotte. I recently added your business with the pricing you publish on your own site — no cost to you, no login required:

https://eventrentalcosts.com/listing/rentmeusa-party-rentals-charlotte/

If you're able to, a link back to that page from your site (or just eventrentalcosts.com) would help other Charlotte customers find you through search, and helps us keep growing the directory. Totally understand if not — either way, wanted you to know you're listed and to flag if anything looks wrong so we can fix it.

Thanks,
EventRentalCosts.com
"
RentmeUSA Party Rentals,Charlotte,North Carolina,https://www.rentmenc.com/,https://eventrentalcosts.com/listing/rentmeusa-party-rentals-charlotte/,"Subject: You're listed on EventRentalCosts.com — real pricing, free

Hi RentmeUSA Party Rentals team,

I run EventRentalCosts.com, a comparison site for real, published rental pricing in Charlotte. I recently added your business with the pricing you publish on your own site — no cost to you, no login required:

https://eventrentalcosts.com/listing/rentmeusa-party-rentals-charlotte/

If you're able to, a link back to that page from your site (or just eventrentalcosts.com) would help other Charlotte customers find you through search, and helps us keep growing the directory. Totally understand if not — either way, wanted you to know you're listed and to flag if anything looks wrong so we can fix it.

Thanks,
EventRentalCosts.com
"
Rogue Motions SFX An Event Production Company,Charlotte,North Carolina,https://rogue-motions-sfx.booqable.shop/,https://eventrentalcosts.com/listing/rogue-motions-sfx-an-event-production-company-charlotte/,"Subject: You're listed on EventRentalCosts.com — real pricing, free

Hi Rogue Motions SFX An Event Production Company team,

I run EventRentalCosts.com, a comparison site for real, published rental pricing in Charlotte. I recently added your business with the pricing you publish on your own site — no cost to you, no login required:

https://eventrentalcosts.com/listing/rogue-motions-sfx-an-event-production-company-charlotte/

If you're able to, a link back to that page from your site (or just eventrentalcosts.com) would help other Charlotte customers find you through search, and helps us keep growing the directory. Totally understand if not — either way, wanted you to know you're listed and to flag if anything looks wrong so we can fix it.

Thanks,
EventRentalCosts.com
"
SASHES - Charlotte Party and Event Rentals,Charlotte,North Carolina,https://www.sasheseventstyling.com/charlotte-event-rentals-and-props,https://eventrentalcosts.com/listing/sashes-charlotte-party-and-event-rentals-charlotte/,"Subject: You're listed on EventRentalCosts.com — real pricing, free

Hi SASHES - Charlotte Party and Event Rentals team,

I run EventRentalCosts.com, a comparison site for real, published rental pricing in Charlotte. I recently added your business with the pricing you publish on your own site — no cost to you, no login required:

https://eventrentalcosts.com/listing/sashes-charlotte-party-and-event-rentals-charlotte/

If you're able to, a link back to that page from your site (or just eventrentalcosts.com) would help other Charlotte customers find you through search, and helps us keep growing the directory. Totally understand if not — either way, wanted you to know you're listed and to flag if anything looks wrong so we can fix it.

Thanks,
EventRentalCosts.com
"
Santa Party Rentals,Charlotte,North Carolina,https://www.santapartyrentals.com/,https://eventrentalcosts.com/listing/santa-party-rentals-charlotte/,"Subject: You're listed on EventRentalCosts.com — real pricing, free

Hi Santa Party Rentals team,

I run EventRentalCosts.com, a comparison site for real, published rental pricing in Charlotte. I recently added your business with the pricing you publish on your own site — no cost to you, no login required:

https://eventrentalcosts.com/listing/santa-party-rentals-charlotte/

If you're able to, a link back to that page from your site (or just eventrentalcosts.com) would help other Charlotte customers find you through search, and helps us keep growing the directory. Totally understand if not — either way, wanted you to know you're listed and to flag if anything looks wrong so we can fix it.

Thanks,
EventRentalCosts.com
"
Tent Guys,Charlotte,North Carolina,https://tentguys.com/,https://eventrentalcosts.com/listing/tent-guys-charlotte/,"Subject: You're listed on EventRentalCosts.com — real pricing, free

Hi Tent Guys team,

I run EventRentalCosts.com, a comparison site for real, published rental pricing in Charlotte. I recently added your business with the pricing you publish on your own site — no cost to you, no login required:

https://eventrentalcosts.com/listing/tent-guys-charlotte/

If you're able to, a link back to that page from your site (or just eventrentalcosts.com) would help other Charlotte customers find you through search, and helps us keep growing the directory. Totally understand if not — either way, wanted you to know you're listed and to flag if anything looks wrong so we can fix it.

Thanks,
EventRentalCosts.com
"
Thomas Equipment & Party Rentals,Charlotte,North Carolina,https://www.thomasrental.com/,https://eventrentalcosts.com/listing/thomas-equipment-party-rentals-charlotte/,"Subject: You're listed on EventRentalCosts.com — real pricing, free

Hi Thomas Equipment & Party Rentals team,

I run EventRentalCosts.com, a comparison site for real, published rental pricing in Charlotte. I recently added your business with the pricing you publish on your own site — no cost to you, no login required:

https://eventrentalcosts.com/listing/thomas-equipment-party-rentals-charlotte/

If you're able to, a link back to that page from your site (or just eventrentalcosts.com) would help other Charlotte customers find you through search, and helps us keep growing the directory. Totally understand if not — either way, wanted you to know you're listed and to flag if anything looks wrong so we can fix it.

Thanks,
EventRentalCosts.com
"
American Structure Tent,Columbus,Ohio,http://www.americanstructuretent.com/,https://eventrentalcosts.com/listing/american-structure-tent-columbus/,"Subject: You're listed on EventRentalCosts.com — real pricing, free

Hi American Structure Tent team,

I run EventRentalCosts.com, a comparison site for real, published rental pricing in Columbus. I recently added your business with the pricing you publish on your own site — no cost to you, no login required:

https://eventrentalcosts.com/listing/american-structure-tent-columbus/

If you're able to, a link back to that page from your site (or just eventrentalcosts.com) would help other Columbus customers find you through search, and helps us keep growing the directory. Totally understand if not — either way, wanted you to know you're listed and to flag if anything looks wrong so we can fix it.

Thanks,
EventRentalCosts.com
"
"Awesome Entertainment & Party Rentals Columbus, Cincinnati, Cleveland, Ohio",Columbus,Ohio,http://www.columbusparties.com/,https://eventrentalcosts.com/listing/awesome-entertainment-party-rentals-columbus-cincinnati-cleveland-ohio-columbus/,"Subject: You're listed on EventRentalCosts.com — real pricing, free

Hi Awesome Entertainment & Party Rentals Columbus, Cincinnati, Cleveland, Ohio team,

I run EventRentalCosts.com, a comparison site for real, published rental pricing in Columbus. I recently added your business with the pricing you publish on your own site — no cost to you, no login required:

https://eventrentalcosts.com/listing/awesome-entertainment-party-rentals-columbus-cincinnati-cleveland-ohio-columbus/

If you're able to, a link back to that page from your site (or just eventrentalcosts.com) would help other Columbus customers find you through search, and helps us keep growing the directory. Totally understand if not — either way, wanted you to know you're listed and to flag if anything looks wrong so we can fix it.

Thanks,
EventRentalCosts.com
"
Columbus Bounce House Rentals,Columbus,Ohio,https://columbusbouncehouserentals.com/,https://eventrentalcosts.com/listing/columbus-bounce-house-rentals-columbus/,"Subject: You're listed on EventRentalCosts.com — real pricing, free

Hi Columbus Bounce House Rentals team,

I run EventRentalCosts.com, a comparison site for real, published rental pricing in Columbus. I recently added your business with the pricing you publish on your own site — no cost to you, no login required:

https://eventrentalcosts.com/listing/columbus-bounce-house-rentals-columbus/

If you're able to, a link back to that page from your site (or just eventrentalcosts.com) would help other Columbus customers find you through search, and helps us keep growing the directory. Totally understand if not — either way, wanted you to know you're listed and to flag if anything looks wrong so we can fix it.

Thanks,
EventRentalCosts.com
"
Cool Cat Sites Entertainment,Columbus,Ohio,http://www.coolcatsites.com/,https://eventrentalcosts.com/listing/cool-cat-sites-entertainment-columbus/,"Subject: You're listed on EventRentalCosts.com — real pricing, free

Hi Cool Cat Sites Entertainment team,

I run EventRentalCosts.com, a comparison site for real, published rental pricing in Columbus. I recently added your business with the pricing you publish on your own site — no cost to you, no login required:

https://eventrentalcosts.com/listing/cool-cat-sites-entertainment-columbus/

If you're able to, a link back to that page from your site (or just eventrentalcosts.com) would help other Columbus customers find you through search, and helps us keep growing the directory. Totally understand if not — either way, wanted you to know you're listed and to flag if anything looks wrong so we can fix it.

Thanks,
EventRentalCosts.com
"
Lasting Impressions Event Rental of Columbus,Columbus,Ohio,http://www.lirents.net/,https://eventrentalcosts.com/listing/lasting-impressions-event-rental-of-columbus-columbus/,"Subject: You're listed on EventRentalCosts.com — real pricing, free

Hi Lasting Impressions Event Rental of Columbus team,

I run EventRentalCosts.com, a comparison site for real, published rental pricing in Columbus. I recently added your business with the pricing you publish on your own site — no cost to you, no login required:

https://eventrentalcosts.com/listing/lasting-impressions-event-rental-of-columbus-columbus/

If you're able to, a link back to that page from your site (or just eventrentalcosts.com) would help other Columbus customers find you through search, and helps us keep growing the directory. Totally understand if not — either way, wanted you to know you're listed and to flag if anything looks wrong so we can fix it.

Thanks,
EventRentalCosts.com
"
Let Us Party & Event Rental,Columbus,Ohio,https://www.letuspartyrental.com/,https://eventrentalcosts.com/listing/let-us-party-event-rental-columbus/,"Subject: You're listed on EventRentalCosts.com — real pricing, free

Hi Let Us Party & Event Rental team,

I run EventRentalCosts.com, a comparison site for real, published rental pricing in Columbus. I recently added your business with the pricing you publish on your own site — no cost to you, no login required:

https://eventrentalcosts.com/listing/let-us-party-event-rental-columbus/

If you're able to, a link back to that page from your site (or just eventrentalcosts.com) would help other Columbus customers find you through search, and helps us keep growing the directory. Totally understand if not — either way, wanted you to know you're listed and to flag if anything looks wrong so we can fix it.

Thanks,
EventRentalCosts.com
"
Rent Wedding Chairs,Columbus,Ohio,http://rentweddingchairs.com/,https://eventrentalcosts.com/listing/rent-wedding-chairs-columbus/,"Subject: You're listed on EventRentalCosts.com — real pricing, free

Hi Rent Wedding Chairs team,

I run EventRentalCosts.com, a comparison site for real, published rental pricing in Columbus. I recently added your business with the pricing you publish on your own site — no cost to you, no login required:

https://eventrentalcosts.com/listing/rent-wedding-chairs-columbus/

If you're able to, a link back to that page from your site (or just eventrentalcosts.com) would help other Columbus customers find you through search, and helps us keep growing the directory. Totally understand if not — either way, wanted you to know you're listed and to flag if anything looks wrong so we can fix it.

Thanks,
EventRentalCosts.com
"
Carolina Party Essentials,Concord,North Carolina,https://www.carolinapartyessentials.com/,https://eventrentalcosts.com/listing/carolina-party-essentials-concord/,"Subject: You're listed on EventRentalCosts.com — real pricing, free

Hi Carolina Party Essentials team,

I run EventRentalCosts.com, a comparison site for real, published rental pricing in Concord. I recently added your business with the pricing you publish on your own site — no cost to you, no login required:

https://eventrentalcosts.com/listing/carolina-party-essentials-concord/

If you're able to, a link back to that page from your site (or just eventrentalcosts.com) would help other Concord customers find you through search, and helps us keep growing the directory. Totally understand if not — either way, wanted you to know you're listed and to flag if anything looks wrong so we can fix it.

Thanks,
EventRentalCosts.com
"
Country Roads Party Rentals LLC,Concord,North Carolina,http://www.countryroadspartyrentals.com/,https://eventrentalcosts.com/listing/country-roads-party-rentals-llc-concord/,"Subject: You're listed on EventRentalCosts.com — real pricing, free

Hi Country Roads Party Rentals LLC team,

I run EventRentalCosts.com, a comparison site for real, published rental pricing in Concord. I recently added your business with the pricing you publish on your own site — no cost to you, no login required:

https://eventrentalcosts.com/listing/country-roads-party-rentals-llc-concord/

If you're able to, a link back to that page from your site (or just eventrentalcosts.com) would help other Concord customers find you through search, and helps us keep growing the directory. Totally understand if not — either way, wanted you to know you're listed and to flag if anything looks wrong so we can fix it.

Thanks,
EventRentalCosts.com
"
Epic Event Rentals,Concord,North Carolina,http://epiceventsnc.com/,https://eventrentalcosts.com/listing/epic-event-rentals-concord/,"Subject: You're listed on EventRentalCosts.com — real pricing, free

Hi Epic Event Rentals team,

I run EventRentalCosts.com, a comparison site for real, published rental pricing in Concord. I recently added your business with the pricing you publish on your own site — no cost to you, no login required:

https://eventrentalcosts.com/listing/epic-event-rentals-concord/

If you're able to, a link back to that page from your site (or just eventrentalcosts.com) would help other Concord customers find you through search, and helps us keep growing the directory. Totally understand if not — either way, wanted you to know you're listed and to flag if anything looks wrong so we can fix it.

Thanks,
EventRentalCosts.com
"
24K Event Rentals,Greensboro,North Carolina,http://www.24keventrental.com/,https://eventrentalcosts.com/listing/24k-event-rentals-greensboro/,"Subject: You're listed on EventRentalCosts.com — real pricing, free

Hi 24K Event Rentals team,

I run EventRentalCosts.com, a comparison site for real, published rental pricing in Greensboro. I recently added your business with the pricing you publish on your own site — no cost to you, no login required:

https://eventrentalcosts.com/listing/24k-event-rentals-greensboro/

If you're able to, a link back to that page from your site (or just eventrentalcosts.com) would help other Greensboro customers find you through search, and helps us keep growing the directory. Totally understand if not — either way, wanted you to know you're listed and to flag if anything looks wrong so we can fix it.

Thanks,
EventRentalCosts.com
"
Bumper Jumpers,Greensboro,North Carolina,https://www.bumperjumpers.com/,https://eventrentalcosts.com/listing/bumper-jumpers-greensboro/,"Subject: You're listed on EventRentalCosts.com — real pricing, free

Hi Bumper Jumpers team,

I run EventRentalCosts.com, a comparison site for real, published rental pricing in Greensboro. I recently added your business with the pricing you publish on your own site — no cost to you, no login required:

https://eventrentalcosts.com/listing/bumper-jumpers-greensboro/

If you're able to, a link back to that page from your site (or just eventrentalcosts.com) would help other Greensboro customers find you through search, and helps us keep growing the directory. Totally understand if not — either way, wanted you to know you're listed and to flag if anything looks wrong so we can fix it.

Thanks,
EventRentalCosts.com
"
Carolinas Photobooths,Greensboro,North Carolina,https://www.sphotomirrors.com/,https://eventrentalcosts.com/listing/carolinas-photobooths-greensboro/,"Subject: You're listed on EventRentalCosts.com — real pricing, free

Hi Carolinas Photobooths team,

I run EventRentalCosts.com, a comparison site for real, published rental pricing in Greensboro. I recently added your business with the pricing you publish on your own site — no cost to you, no login required:

https://eventrentalcosts.com/listing/carolinas-photobooths-greensboro/

If you're able to, a link back to that page from your site (or just eventrentalcosts.com) would help other Greensboro customers find you through search, and helps us keep growing the directory. Totally understand if not — either way, wanted you to know you're listed and to flag if anything looks wrong so we can fix it.

Thanks,
EventRentalCosts.com
"
Dow Oak Photo Booth,Greensboro,North Carolina,https://dowoakevents.com/photo-booth-rental/,https://eventrentalcosts.com/listing/dow-oak-photo-booth-greensboro/,"Subject: You're listed on EventRentalCosts.com — real pricing, free

Hi Dow Oak Photo Booth team,

I run EventRentalCosts.com, a comparison site for real, published rental pricing in Greensboro. I recently added your business with the pricing you publish on your own site — no cost to you, no login required:

https://eventrentalcosts.com/listing/dow-oak-photo-booth-greensboro/

If you're able to, a link back to that page from your site (or just eventrentalcosts.com) would help other Greensboro customers find you through search, and helps us keep growing the directory. Totally understand if not — either way, wanted you to know you're listed and to flag if anything looks wrong so we can fix it.

Thanks,
EventRentalCosts.com
"
Party Reflections,Greensboro,North Carolina,https://partyreflections.com/,https://eventrentalcosts.com/listing/party-reflections-greensboro/,"Subject: You're listed on EventRentalCosts.com — real pricing, free

Hi Party Reflections team,

I run EventRentalCosts.com, a comparison site for real, published rental pricing in Greensboro. I recently added your business with the pricing you publish on your own site — no cost to you, no login required:

https://eventrentalcosts.com/listing/party-reflections-greensboro/

If you're able to, a link back to that page from your site (or just eventrentalcosts.com) would help other Greensboro customers find you through search, and helps us keep growing the directory. Totally understand if not — either way, wanted you to know you're listed and to flag if anything looks wrong so we can fix it.

Thanks,
EventRentalCosts.com
"
Party To Go,Greenville,South Carolina,https://www.partytogoevents.com/?utm_source=gbp&utm_medium=organic,https://eventrentalcosts.com/listing/party-to-go-greenville/,"Subject: You're listed on EventRentalCosts.com — real pricing, free

Hi Party To Go team,

I run EventRentalCosts.com, a comparison site for real, published rental pricing in Greenville. I recently added your business with the pricing you publish on your own site — no cost to you, no login required:

https://eventrentalcosts.com/listing/party-to-go-greenville/

If you're able to, a link back to that page from your site (or just eventrentalcosts.com) would help other Greenville customers find you through search, and helps us keep growing the directory. Totally understand if not — either way, wanted you to know you're listed and to flag if anything looks wrong so we can fix it.

Thanks,
EventRentalCosts.com
"
Yard Art Signs Charlotte,Huntersville,North Carolina,http://yardartsignscharlotte.com/,https://eventrentalcosts.com/listing/yard-art-signs-charlotte-huntersville/,"Subject: You're listed on EventRentalCosts.com — real pricing, free

Hi Yard Art Signs Charlotte team,

I run EventRentalCosts.com, a comparison site for real, published rental pricing in Huntersville. I recently added your business with the pricing you publish on your own site — no cost to you, no login required:

https://eventrentalcosts.com/listing/yard-art-signs-charlotte-huntersville/

If you're able to, a link back to that page from your site (or just eventrentalcosts.com) would help other Huntersville customers find you through search, and helps us keep growing the directory. Totally understand if not — either way, wanted you to know you're listed and to flag if anything looks wrong so we can fix it.

Thanks,
EventRentalCosts.com
"
CLT Splash Rentals,Indian Trail,North Carolina,http://cltsplashrentals.com/,https://eventrentalcosts.com/listing/clt-splash-rentals-indian-trail/,"Subject: You're listed on EventRentalCosts.com — real pricing, free

Hi CLT Splash Rentals team,

I run EventRentalCosts.com, a comparison site for real, published rental pricing in Indian Trail. I recently added your business with the pricing you publish on your own site — no cost to you, no login required:

https://eventrentalcosts.com/listing/clt-splash-rentals-indian-trail/

If you're able to, a link back to that page from your site (or just eventrentalcosts.com) would help other Indian Trail customers find you through search, and helps us keep growing the directory. Totally understand if not — either way, wanted you to know you're listed and to flag if anything looks wrong so we can fix it.

Thanks,
EventRentalCosts.com
"
Jumpin' Jacks Party Rentals,Indian Trail,North Carolina,http://www.jumpinjacksparty.com/,https://eventrentalcosts.com/listing/jumpin-jacks-party-rentals-indian-trail/,"Subject: You're listed on EventRentalCosts.com — real pricing, free

Hi Jumpin' Jacks Party Rentals team,

I run EventRentalCosts.com, a comparison site for real, published rental pricing in Indian Trail. I recently added your business with the pricing you publish on your own site — no cost to you, no login required:

https://eventrentalcosts.com/listing/jumpin-jacks-party-rentals-indian-trail/

If you're able to, a link back to that page from your site (or just eventrentalcosts.com) would help other Indian Trail customers find you through search, and helps us keep growing the directory. Totally understand if not — either way, wanted you to know you're listed and to flag if anything looks wrong so we can fix it.

Thanks,
EventRentalCosts.com
"
Ace Party Rental,Indianapolis,Indiana,http://www.acepartyandtents.com/,https://eventrentalcosts.com/listing/ace-party-rental-indianapolis/,"Subject: You're listed on EventRentalCosts.com — real pricing, free

Hi Ace Party Rental team,

I run EventRentalCosts.com, a comparison site for real, published rental pricing in Indianapolis. I recently added your business with the pricing you publish on your own site — no cost to you, no login required:

https://eventrentalcosts.com/listing/ace-party-rental-indianapolis/

If you're able to, a link back to that page from your site (or just eventrentalcosts.com) would help other Indianapolis customers find you through search, and helps us keep growing the directory. Totally understand if not — either way, wanted you to know you're listed and to flag if anything looks wrong so we can fix it.

Thanks,
EventRentalCosts.com
"
All Occasion Tent Rental,Indianapolis,Indiana,https://www.alloccasiontentrental.com/,https://eventrentalcosts.com/listing/all-occasion-tent-rental-indianapolis/,"Subject: You're listed on EventRentalCosts.com — real pricing, free

Hi All Occasion Tent Rental team,

I run EventRentalCosts.com, a comparison site for real, published rental pricing in Indianapolis. I recently added your business with the pricing you publish on your own site — no cost to you, no login required:

https://eventrentalcosts.com/listing/all-occasion-tent-rental-indianapolis/

If you're able to, a link back to that page from your site (or just eventrentalcosts.com) would help other Indianapolis customers find you through search, and helps us keep growing the directory. Totally understand if not — either way, wanted you to know you're listed and to flag if anything looks wrong so we can fix it.

Thanks,
EventRentalCosts.com
"
Brincolines Los Kikos Llc,Indianapolis,Indiana,https://kikosbouncerentals.com/,https://eventrentalcosts.com/listing/brincolines-los-kikos-llc-indianapolis/,"Subject: You're listed on EventRentalCosts.com — real pricing, free

Hi Brincolines Los Kikos Llc team,

I run EventRentalCosts.com, a comparison site for real, published rental pricing in Indianapolis. I recently added your business with the pricing you publish on your own site — no cost to you, no login required:

https://eventrentalcosts.com/listing/brincolines-los-kikos-llc-indianapolis/

If you're able to, a link back to that page from your site (or just eventrentalcosts.com) would help other Indianapolis customers find you through search, and helps us keep growing the directory. Totally understand if not — either way, wanted you to know you're listed and to flag if anything looks wrong so we can fix it.

Thanks,
EventRentalCosts.com
"
"Dappy Hays Event Photo Booth Services, Inc.",Indianapolis,Indiana,http://dappyhays.com/,https://eventrentalcosts.com/listing/dappy-hays-event-photo-booth-services-inc-indianapolis/,"Subject: You're listed on EventRentalCosts.com — real pricing, free

Hi Dappy Hays Event Photo Booth Services, Inc. team,

I run EventRentalCosts.com, a comparison site for real, published rental pricing in Indianapolis. I recently added your business with the pricing you publish on your own site — no cost to you, no login required:

https://eventrentalcosts.com/listing/dappy-hays-event-photo-booth-services-inc-indianapolis/

If you're able to, a link back to that page from your site (or just eventrentalcosts.com) would help other Indianapolis customers find you through search, and helps us keep growing the directory. Totally understand if not — either way, wanted you to know you're listed and to flag if anything looks wrong so we can fix it.

Thanks,
EventRentalCosts.com
"
Garcia Party Rental,Indianapolis,Indiana,https://www.garciapartyrental.com/,https://eventrentalcosts.com/listing/garcia-party-rental-indianapolis/,"Subject: You're listed on EventRentalCosts.com — real pricing, free

Hi Garcia Party Rental team,

I run EventRentalCosts.com, a comparison site for real, published rental pricing in Indianapolis. I recently added your business with the pricing you publish on your own site — no cost to you, no login required:

https://eventrentalcosts.com/listing/garcia-party-rental-indianapolis/

If you're able to, a link back to that page from your site (or just eventrentalcosts.com) would help other Indianapolis customers find you through search, and helps us keep growing the directory. Totally understand if not — either way, wanted you to know you're listed and to flag if anything looks wrong so we can fix it.

Thanks,
EventRentalCosts.com
"
Hoosier Tent & Party Rental,Indianapolis,Indiana,http://www.hoosiertent.com/,https://eventrentalcosts.com/listing/hoosier-tent-party-rental-indianapolis/,"Subject: You're listed on EventRentalCosts.com — real pricing, free

Hi Hoosier Tent & Party Rental team,

I run EventRentalCosts.com, a comparison site for real, published rental pricing in Indianapolis. I recently added your business with the pricing you publish on your own site — no cost to you, no login required:

https://eventrentalcosts.com/listing/hoosier-tent-party-rental-indianapolis/

If you're able to, a link back to that page from your site (or just eventrentalcosts.com) would help other Indianapolis customers find you through search, and helps us keep growing the directory. Totally understand if not — either way, wanted you to know you're listed and to flag if anything looks wrong so we can fix it.

Thanks,
EventRentalCosts.com
"
Jump N Play Party Rentals,Indianapolis,Indiana,https://www.jumpnplaypartyrentals.com/,https://eventrentalcosts.com/listing/jump-n-play-party-rentals-indianapolis/,"Subject: You're listed on EventRentalCosts.com — real pricing, free

Hi Jump N Play Party Rentals team,

I run EventRentalCosts.com, a comparison site for real, published rental pricing in Indianapolis. I recently added your business with the pricing you publish on your own site — no cost to you, no login required:

https://eventrentalcosts.com/listing/jump-n-play-party-rentals-indianapolis/

If you're able to, a link back to that page from your site (or just eventrentalcosts.com) would help other Indianapolis customers find you through search, and helps us keep growing the directory. Totally understand if not — either way, wanted you to know you're listed and to flag if anything looks wrong so we can fix it.

Thanks,
EventRentalCosts.com
"
Jump N&N Again Bounce Houses & Games LLC,Indianapolis,Indiana,http://jumpnnagain.com/,https://eventrentalcosts.com/listing/jump-n-n-again-bounce-houses-games-llc-indianapolis/,"Subject: You're listed on EventRentalCosts.com — real pricing, free

Hi Jump N&N Again Bounce Houses & Games LLC team,

I run EventRentalCosts.com, a comparison site for real, published rental pricing in Indianapolis. I recently added your business with the pricing you publish on your own site — no cost to you, no login required:

https://eventrentalcosts.com/listing/jump-n-n-again-bounce-houses-games-llc-indianapolis/

If you're able to, a link back to that page from your site (or just eventrentalcosts.com) would help other Indianapolis customers find you through search, and helps us keep growing the directory. Totally understand if not — either way, wanted you to know you're listed and to flag if anything looks wrong so we can fix it.

Thanks,
EventRentalCosts.com
"
"Montgomery Tent & Awning Company, Inc.",Indianapolis,Indiana,http://www.montgomerytent.com/,https://eventrentalcosts.com/listing/montgomery-tent-awning-company-inc-indianapolis/,"Subject: You're listed on EventRentalCosts.com — real pricing, free

Hi Montgomery Tent & Awning Company, Inc. team,

I run EventRentalCosts.com, a comparison site for real, published rental pricing in Indianapolis. I recently added your business with the pricing you publish on your own site — no cost to you, no login required:

https://eventrentalcosts.com/listing/montgomery-tent-awning-company-inc-indianapolis/

If you're able to, a link back to that page from your site (or just eventrentalcosts.com) would help other Indianapolis customers find you through search, and helps us keep growing the directory. Totally understand if not — either way, wanted you to know you're listed and to flag if anything looks wrong so we can fix it.

Thanks,
EventRentalCosts.com
"
Party Rentals Pros,Indianapolis,Indiana,https://www.partyrentalspros.com/,https://eventrentalcosts.com/listing/party-rentals-pros-indianapolis/,"Subject: You're listed on EventRentalCosts.com — real pricing, free

Hi Party Rentals Pros team,

I run EventRentalCosts.com, a comparison site for real, published rental pricing in Indianapolis. I recently added your business with the pricing you publish on your own site — no cost to you, no login required:

https://eventrentalcosts.com/listing/party-rentals-pros-indianapolis/

If you're able to, a link back to that page from your site (or just eventrentalcosts.com) would help other Indianapolis customers find you through search, and helps us keep growing the directory. Totally understand if not — either way, wanted you to know you're listed and to flag if anything looks wrong so we can fix it.

Thanks,
EventRentalCosts.com
"
Party Time Rental,Indianapolis,Indiana,http://www.ptrinc.com/,https://eventrentalcosts.com/listing/party-time-rental-indianapolis/,"Subject: You're listed on EventRentalCosts.com — real pricing, free

Hi Party Time Rental team,

I run EventRentalCosts.com, a comparison site for real, published rental pricing in Indianapolis. I recently added your business with the pricing you publish on your own site — no cost to you, no login required:

https://eventrentalcosts.com/listing/party-time-rental-indianapolis/

If you're able to, a link back to that page from your site (or just eventrentalcosts.com) would help other Indianapolis customers find you through search, and helps us keep growing the directory. Totally understand if not — either way, wanted you to know you're listed and to flag if anything looks wrong so we can fix it.

Thanks,
EventRentalCosts.com
"
Real Event Enterprises,Indianapolis,Indiana,http://www.realevententerprises.com/,https://eventrentalcosts.com/listing/real-event-enterprises-indianapolis/,"Subject: You're listed on EventRentalCosts.com — real pricing, free

Hi Real Event Enterprises team,

I run EventRentalCosts.com, a comparison site for real, published rental pricing in Indianapolis. I recently added your business with the pricing you publish on your own site — no cost to you, no login required:

https://eventrentalcosts.com/listing/real-event-enterprises-indianapolis/

If you're able to, a link back to that page from your site (or just eventrentalcosts.com) would help other Indianapolis customers find you through search, and helps us keep growing the directory. Totally understand if not — either way, wanted you to know you're listed and to flag if anything looks wrong so we can fix it.

Thanks,
EventRentalCosts.com
"
Save A Bunch Event Rentals,Indianapolis,Indiana,https://www.saveabuncheventrentals.com/,https://eventrentalcosts.com/listing/save-a-bunch-event-rentals-indianapolis/,"Subject: You're listed on EventRentalCosts.com — real pricing, free

Hi Save A Bunch Event Rentals team,

I run EventRentalCosts.com, a comparison site for real, published rental pricing in Indianapolis. I recently added your business with the pricing you publish on your own site — no cost to you, no login required:

https://eventrentalcosts.com/listing/save-a-bunch-event-rentals-indianapolis/

If you're able to, a link back to that page from your site (or just eventrentalcosts.com) would help other Indianapolis customers find you through search, and helps us keep growing the directory. Totally understand if not — either way, wanted you to know you're listed and to flag if anything looks wrong so we can fix it.

Thanks,
EventRentalCosts.com
"
Triangle Lawn Games - Indianapolis South,Indianapolis,Indiana,https://www.indylawngames.com/,https://eventrentalcosts.com/listing/triangle-lawn-games-indianapolis-south-indianapolis/,"Subject: You're listed on EventRentalCosts.com — real pricing, free

Hi Triangle Lawn Games - Indianapolis South team,

I run EventRentalCosts.com, a comparison site for real, published rental pricing in Indianapolis. I recently added your business with the pricing you publish on your own site — no cost to you, no login required:

https://eventrentalcosts.com/listing/triangle-lawn-games-indianapolis-south-indianapolis/

If you're able to, a link back to that page from your site (or just eventrentalcosts.com) would help other Indianapolis customers find you through search, and helps us keep growing the directory. Totally understand if not — either way, wanted you to know you're listed and to flag if anything looks wrong so we can fix it.

Thanks,
EventRentalCosts.com
"
Violet Vintage Rentals,Indianapolis,Indiana,https://www.violetvintage.com/,https://eventrentalcosts.com/listing/violet-vintage-rentals-indianapolis/,"Subject: You're listed on EventRentalCosts.com — real pricing, free

Hi Violet Vintage Rentals team,

I run EventRentalCosts.com, a comparison site for real, published rental pricing in Indianapolis. I recently added your business with the pricing you publish on your own site — no cost to you, no login required:

https://eventrentalcosts.com/listing/violet-vintage-rentals-indianapolis/

If you're able to, a link back to that page from your site (or just eventrentalcosts.com) would help other Indianapolis customers find you through search, and helps us keep growing the directory. Totally understand if not — either way, wanted you to know you're listed and to flag if anything looks wrong so we can fix it.

Thanks,
EventRentalCosts.com
"
904 Party LLC,Jacksonville,Florida,http://904party.com/,https://eventrentalcosts.com/listing/904-party-llc-jacksonville/,"Subject: You're listed on EventRentalCosts.com — real pricing, free

Hi 904 Party LLC team,

I run EventRentalCosts.com, a comparison site for real, published rental pricing in Jacksonville. I recently added your business with the pricing you publish on your own site — no cost to you, no login required:

https://eventrentalcosts.com/listing/904-party-llc-jacksonville/

If you're able to, a link back to that page from your site (or just eventrentalcosts.com) would help other Jacksonville customers find you through search, and helps us keep growing the directory. Totally understand if not — either way, wanted you to know you're listed and to flag if anything looks wrong so we can fix it.

Thanks,
EventRentalCosts.com
"
ALDRICH PARTY RENTAL,Jacksonville,Florida,http://www.aldrichpartyrental.com/,https://eventrentalcosts.com/listing/aldrich-party-rental-jacksonville/,"Subject: You're listed on EventRentalCosts.com — real pricing, free

Hi ALDRICH PARTY RENTAL team,

I run EventRentalCosts.com, a comparison site for real, published rental pricing in Jacksonville. I recently added your business with the pricing you publish on your own site — no cost to you, no login required:

https://eventrentalcosts.com/listing/aldrich-party-rental-jacksonville/

If you're able to, a link back to that page from your site (or just eventrentalcosts.com) would help other Jacksonville customers find you through search, and helps us keep growing the directory. Totally understand if not — either way, wanted you to know you're listed and to flag if anything looks wrong so we can fix it.

Thanks,
EventRentalCosts.com
"
All About Events - Jacksonville,Jacksonville,Florida,http://www.allabouteventsjax.com/,https://eventrentalcosts.com/listing/all-about-events-jacksonville-jacksonville/,"Subject: You're listed on EventRentalCosts.com — real pricing, free

Hi All About Events - Jacksonville team,

I run EventRentalCosts.com, a comparison site for real, published rental pricing in Jacksonville. I recently added your business with the pricing you publish on your own site — no cost to you, no login required:

https://eventrentalcosts.com/listing/all-about-events-jacksonville-jacksonville/

If you're able to, a link back to that page from your site (or just eventrentalcosts.com) would help other Jacksonville customers find you through search, and helps us keep growing the directory. Totally understand if not — either way, wanted you to know you're listed and to flag if anything looks wrong so we can fix it.

Thanks,
EventRentalCosts.com
"
Angel's Bouncing & Play Rentals LLC,Jacksonville,Florida,http://www.angelsbouncing.com/,https://eventrentalcosts.com/listing/angel-s-bouncing-play-rentals-llc-jacksonville/,"Subject: You're listed on EventRentalCosts.com — real pricing, free

Hi Angel's Bouncing & Play Rentals LLC team,

I run EventRentalCosts.com, a comparison site for real, published rental pricing in Jacksonville. I recently added your business with the pricing you publish on your own site — no cost to you, no login required:

https://eventrentalcosts.com/listing/angel-s-bouncing-play-rentals-llc-jacksonville/

If you're able to, a link back to that page from your site (or just eventrentalcosts.com) would help other Jacksonville customers find you through search, and helps us keep growing the directory. Totally understand if not — either way, wanted you to know you're listed and to flag if anything looks wrong so we can fix it.

Thanks,
EventRentalCosts.com
"
Blake's Event Rentals,Jacksonville,Florida,http://www.blakeseventrentals.com/,https://eventrentalcosts.com/listing/blake-s-event-rentals-jacksonville/,"Subject: You're listed on EventRentalCosts.com — real pricing, free

Hi Blake's Event Rentals team,

I run EventRentalCosts.com, a comparison site for real, published rental pricing in Jacksonville. I recently added your business with the pricing you publish on your own site — no cost to you, no login required:

https://eventrentalcosts.com/listing/blake-s-event-rentals-jacksonville/

If you're able to, a link back to that page from your site (or just eventrentalcosts.com) would help other Jacksonville customers find you through search, and helps us keep growing the directory. Totally understand if not — either way, wanted you to know you're listed and to flag if anything looks wrong so we can fix it.

Thanks,
EventRentalCosts.com
"
Blake's Event Rentals LLC.,Jacksonville,Florida,http://www.blakesfunbounce.com/,https://eventrentalcosts.com/listing/blake-s-event-rentals-llc-jacksonville/,"Subject: You're listed on EventRentalCosts.com — real pricing, free

Hi Blake's Event Rentals LLC. team,

I run EventRentalCosts.com, a comparison site for real, published rental pricing in Jacksonville. I recently added your business with the pricing you publish on your own site — no cost to you, no login required:

https://eventrentalcosts.com/listing/blake-s-event-rentals-llc-jacksonville/

If you're able to, a link back to that page from your site (or just eventrentalcosts.com) would help other Jacksonville customers find you through search, and helps us keep growing the directory. Totally understand if not — either way, wanted you to know you're listed and to flag if anything looks wrong so we can fix it.

Thanks,
EventRentalCosts.com
"
Bouncing Kingdom,Jacksonville,Florida,https://www.bouncingkingdomjax.com/,https://eventrentalcosts.com/listing/bouncing-kingdom-jacksonville/,"Subject: You're listed on EventRentalCosts.com — real pricing, free

Hi Bouncing Kingdom team,

I run EventRentalCosts.com, a comparison site for real, published rental pricing in Jacksonville. I recently added your business with the pricing you publish on your own site — no cost to you, no login required:

https://eventrentalcosts.com/listing/bouncing-kingdom-jacksonville/

If you're able to, a link back to that page from your site (or just eventrentalcosts.com) would help other Jacksonville customers find you through search, and helps us keep growing the directory. Totally understand if not — either way, wanted you to know you're listed and to flag if anything looks wrong so we can fix it.

Thanks,
EventRentalCosts.com
"
Celebration Party Rental,Jacksonville,Florida,https://www.celebrationpartyrental.net/,https://eventrentalcosts.com/listing/celebration-party-rental-jacksonville/,"Subject: You're listed on EventRentalCosts.com — real pricing, free

Hi Celebration Party Rental team,

I run EventRentalCosts.com, a comparison site for real, published rental pricing in Jacksonville. I recently added your business with the pricing you publish on your own site — no cost to you, no login required:

https://eventrentalcosts.com/listing/celebration-party-rental-jacksonville/

If you're able to, a link back to that page from your site (or just eventrentalcosts.com) would help other Jacksonville customers find you through search, and helps us keep growing the directory. Totally understand if not — either way, wanted you to know you're listed and to flag if anything looks wrong so we can fix it.

Thanks,
EventRentalCosts.com
"
EventWorks Rentals,Jacksonville,Florida,http://www.eventworksrentals.com/,https://eventrentalcosts.com/listing/eventworks-rentals-jacksonville/,"Subject: You're listed on EventRentalCosts.com — real pricing, free

Hi EventWorks Rentals team,

I run EventRentalCosts.com, a comparison site for real, published rental pricing in Jacksonville. I recently added your business with the pricing you publish on your own site — no cost to you, no login required:

https://eventrentalcosts.com/listing/eventworks-rentals-jacksonville/

If you're able to, a link back to that page from your site (or just eventrentalcosts.com) would help other Jacksonville customers find you through search, and helps us keep growing the directory. Totally understand if not — either way, wanted you to know you're listed and to flag if anything looks wrong so we can fix it.

Thanks,
EventRentalCosts.com
"
Go Jump and Slide Inflatables,Jacksonville,Florida,http://www.gojumpandslide.com/,https://eventrentalcosts.com/listing/go-jump-and-slide-inflatables-jacksonville/,"Subject: You're listed on EventRentalCosts.com — real pricing, free

Hi Go Jump and Slide Inflatables team,

I run EventRentalCosts.com, a comparison site for real, published rental pricing in Jacksonville. I recently added your business with the pricing you publish on your own site — no cost to you, no login required:

https://eventrentalcosts.com/listing/go-jump-and-slide-inflatables-jacksonville/

If you're able to, a link back to that page from your site (or just eventrentalcosts.com) would help other Jacksonville customers find you through search, and helps us keep growing the directory. Totally understand if not — either way, wanted you to know you're listed and to flag if anything looks wrong so we can fix it.

Thanks,
EventRentalCosts.com
"
Jacksonville Bounce House Rental,Jacksonville,Florida,https://www.jacksonvillebouncehouse.com/,https://eventrentalcosts.com/listing/jacksonville-bounce-house-rental-jacksonville/,"Subject: You're listed on EventRentalCosts.com — real pricing, free

Hi Jacksonville Bounce House Rental team,

I run EventRentalCosts.com, a comparison site for real, published rental pricing in Jacksonville. I recently added your business with the pricing you publish on your own site — no cost to you, no login required:

https://eventrentalcosts.com/listing/jacksonville-bounce-house-rental-jacksonville/

If you're able to, a link back to that page from your site (or just eventrentalcosts.com) would help other Jacksonville customers find you through search, and helps us keep growing the directory. Totally understand if not — either way, wanted you to know you're listed and to flag if anything looks wrong so we can fix it.

Thanks,
EventRentalCosts.com
"
Jacksonville Event Rentals,Jacksonville,Florida,https://www.jacksonvilleeventrentals.com/,https://eventrentalcosts.com/listing/jacksonville-event-rentals-jacksonville/,"Subject: You're listed on EventRentalCosts.com — real pricing, free

Hi Jacksonville Event Rentals team,

I run EventRentalCosts.com, a comparison site for real, published rental pricing in Jacksonville. I recently added your business with the pricing you publish on your own site — no cost to you, no login required:

https://eventrentalcosts.com/listing/jacksonville-event-rentals-jacksonville/

If you're able to, a link back to that page from your site (or just eventrentalcosts.com) would help other Jacksonville customers find you through search, and helps us keep growing the directory. Totally understand if not — either way, wanted you to know you're listed and to flag if anything looks wrong so we can fix it.

Thanks,
EventRentalCosts.com
"
Jax Party Company,Jacksonville,Florida,https://jaxpartycompany.com/,https://eventrentalcosts.com/listing/jax-party-company-jacksonville/,"Subject: You're listed on EventRentalCosts.com — real pricing, free

Hi Jax Party Company team,

I run EventRentalCosts.com, a comparison site for real, published rental pricing in Jacksonville. I recently added your business with the pricing you publish on your own site — no cost to you, no login required:

https://eventrentalcosts.com/listing/jax-party-company-jacksonville/

If you're able to, a link back to that page from your site (or just eventrentalcosts.com) would help other Jacksonville customers find you through search, and helps us keep growing the directory. Totally understand if not — either way, wanted you to know you're listed and to flag if anything looks wrong so we can fix it.

Thanks,
EventRentalCosts.com
"
Luxe Party Rentals LLC,Jacksonville,Florida,http://www.luxepartyrentals.com/,https://eventrentalcosts.com/listing/luxe-party-rentals-llc-jacksonville/,"Subject: You're listed on EventRentalCosts.com — real pricing, free

Hi Luxe Party Rentals LLC team,

I run EventRentalCosts.com, a comparison site for real, published rental pricing in Jacksonville. I recently added your business with the pricing you publish on your own site — no cost to you, no login required:

https://eventrentalcosts.com/listing/luxe-party-rentals-llc-jacksonville/

If you're able to, a link back to that page from your site (or just eventrentalcosts.com) would help other Jacksonville customers find you through search, and helps us keep growing the directory. Totally understand if not — either way, wanted you to know you're listed and to flag if anything looks wrong so we can fix it.

Thanks,
EventRentalCosts.com
"
Once Upon a Chair Rental,Jacksonville,Florida,https://www.onceuponachairrental.com/,https://eventrentalcosts.com/listing/once-upon-a-chair-rental-jacksonville/,"Subject: You're listed on EventRentalCosts.com — real pricing, free

Hi Once Upon a Chair Rental team,

I run EventRentalCosts.com, a comparison site for real, published rental pricing in Jacksonville. I recently added your business with the pricing you publish on your own site — no cost to you, no login required:

https://eventrentalcosts.com/listing/once-upon-a-chair-rental-jacksonville/

If you're able to, a link back to that page from your site (or just eventrentalcosts.com) would help other Jacksonville customers find you through search, and helps us keep growing the directory. Totally understand if not — either way, wanted you to know you're listed and to flag if anything looks wrong so we can fix it.

Thanks,
EventRentalCosts.com
"
Parties n Motion,Jacksonville,Florida,https://partiesnmotion.com/,https://eventrentalcosts.com/listing/parties-n-motion-jacksonville/,"Subject: You're listed on EventRentalCosts.com — real pricing, free

Hi Parties n Motion team,

I run EventRentalCosts.com, a comparison site for real, published rental pricing in Jacksonville. I recently added your business with the pricing you publish on your own site — no cost to you, no login required:

https://eventrentalcosts.com/listing/parties-n-motion-jacksonville/

If you're able to, a link back to that page from your site (or just eventrentalcosts.com) would help other Jacksonville customers find you through search, and helps us keep growing the directory. Totally understand if not — either way, wanted you to know you're listed and to flag if anything looks wrong so we can fix it.

Thanks,
EventRentalCosts.com
"
Party Rentals by Us,Jacksonville,Florida,https://partyrentalsbyus.com/,https://eventrentalcosts.com/listing/party-rentals-by-us-jacksonville/,"Subject: You're listed on EventRentalCosts.com — real pricing, free

Hi Party Rentals by Us team,

I run EventRentalCosts.com, a comparison site for real, published rental pricing in Jacksonville. I recently added your business with the pricing you publish on your own site — no cost to you, no login required:

https://eventrentalcosts.com/listing/party-rentals-by-us-jacksonville/

If you're able to, a link back to that page from your site (or just eventrentalcosts.com) would help other Jacksonville customers find you through search, and helps us keep growing the directory. Totally understand if not — either way, wanted you to know you're listed and to flag if anything looks wrong so we can fix it.

Thanks,
EventRentalCosts.com
"
Posh Events and Rentals,Jacksonville,Florida,http://posheventrentalsjax.net/,https://eventrentalcosts.com/listing/posh-events-and-rentals-jacksonville/,"Subject: You're listed on EventRentalCosts.com — real pricing, free

Hi Posh Events and Rentals team,

I run EventRentalCosts.com, a comparison site for real, published rental pricing in Jacksonville. I recently added your business with the pricing you publish on your own site — no cost to you, no login required:

https://eventrentalcosts.com/listing/posh-events-and-rentals-jacksonville/

If you're able to, a link back to that page from your site (or just eventrentalcosts.com) would help other Jacksonville customers find you through search, and helps us keep growing the directory. Totally understand if not — either way, wanted you to know you're listed and to flag if anything looks wrong so we can fix it.

Thanks,
EventRentalCosts.com
"
SUNRISE PARTY RENTAL,Jacksonville,Florida,http://www.sunrisepartyrental.com/,https://eventrentalcosts.com/listing/sunrise-party-rental-jacksonville/,"Subject: You're listed on EventRentalCosts.com — real pricing, free

Hi SUNRISE PARTY RENTAL team,

I run EventRentalCosts.com, a comparison site for real, published rental pricing in Jacksonville. I recently added your business with the pricing you publish on your own site — no cost to you, no login required:

https://eventrentalcosts.com/listing/sunrise-party-rental-jacksonville/

If you're able to, a link back to that page from your site (or just eventrentalcosts.com) would help other Jacksonville customers find you through search, and helps us keep growing the directory. Totally understand if not — either way, wanted you to know you're listed and to flag if anything looks wrong so we can fix it.

Thanks,
EventRentalCosts.com
"
Space Walk of Jacksonville,Jacksonville,FL,http://www.herecomesfun.com/jax,https://eventrentalcosts.com/listing/space-walk-of-jacksonville-jacksonville/,"Subject: You're listed on EventRentalCosts.com — real pricing, free

Hi Space Walk of Jacksonville team,

I run EventRentalCosts.com, a comparison site for real, published rental pricing in Jacksonville. I recently added your business with the pricing you publish on your own site — no cost to you, no login required:

https://eventrentalcosts.com/listing/space-walk-of-jacksonville-jacksonville/

If you're able to, a link back to that page from your site (or just eventrentalcosts.com) would help other Jacksonville customers find you through search, and helps us keep growing the directory. Totally understand if not — either way, wanted you to know you're listed and to flag if anything looks wrong so we can fix it.

Thanks,
EventRentalCosts.com
"
The Chair Spot,Jacksonville,Florida,http://thechairspot.com/,https://eventrentalcosts.com/listing/the-chair-spot-jacksonville/,"Subject: You're listed on EventRentalCosts.com — real pricing, free

Hi The Chair Spot team,

I run EventRentalCosts.com, a comparison site for real, published rental pricing in Jacksonville. I recently added your business with the pricing you publish on your own site — no cost to you, no login required:

https://eventrentalcosts.com/listing/the-chair-spot-jacksonville/

If you're able to, a link back to that page from your site (or just eventrentalcosts.com) would help other Jacksonville customers find you through search, and helps us keep growing the directory. Totally understand if not — either way, wanted you to know you're listed and to flag if anything looks wrong so we can fix it.

Thanks,
EventRentalCosts.com
"
Ultimate Celebration Rentals,Jacksonville,Florida,https://ultimatecelebrationrentals.com/,https://eventrentalcosts.com/listing/ultimate-celebration-rentals-jacksonville/,"Subject: You're listed on EventRentalCosts.com — real pricing, free

Hi Ultimate Celebration Rentals team,

I run EventRentalCosts.com, a comparison site for real, published rental pricing in Jacksonville. I recently added your business with the pricing you publish on your own site — no cost to you, no login required:

https://eventrentalcosts.com/listing/ultimate-celebration-rentals-jacksonville/

If you're able to, a link back to that page from your site (or just eventrentalcosts.com) would help other Jacksonville customers find you through search, and helps us keep growing the directory. Totally understand if not — either way, wanted you to know you're listed and to flag if anything looks wrong so we can fix it.

Thanks,
EventRentalCosts.com
"
United Rent-All of NE FL,Jacksonville,Florida,https://unitedra.com/,https://eventrentalcosts.com/listing/united-rent-all-of-ne-fl-jacksonville/,"Subject: You're listed on EventRentalCosts.com — real pricing, free

Hi United Rent-All of NE FL team,

I run EventRentalCosts.com, a comparison site for real, published rental pricing in Jacksonville. I recently added your business with the pricing you publish on your own site — no cost to you, no login required:

https://eventrentalcosts.com/listing/united-rent-all-of-ne-fl-jacksonville/

If you're able to, a link back to that page from your site (or just eventrentalcosts.com) would help other Jacksonville customers find you through search, and helps us keep growing the directory. Totally understand if not — either way, wanted you to know you're listed and to flag if anything looks wrong so we can fix it.

Thanks,
EventRentalCosts.com
"
Veterans Bouncer Rentals,Jacksonville,Florida,https://funvbr.com/,https://eventrentalcosts.com/listing/veterans-bouncer-rentals-jacksonville/,"Subject: You're listed on EventRentalCosts.com — real pricing, free

Hi Veterans Bouncer Rentals team,

I run EventRentalCosts.com, a comparison site for real, published rental pricing in Jacksonville. I recently added your business with the pricing you publish on your own site — no cost to you, no login required:

https://eventrentalcosts.com/listing/veterans-bouncer-rentals-jacksonville/

If you're able to, a link back to that page from your site (or just eventrentalcosts.com) would help other Jacksonville customers find you through search, and helps us keep growing the directory. Totally understand if not — either way, wanted you to know you're listed and to flag if anything looks wrong so we can fix it.

Thanks,
EventRentalCosts.com
"
K's Bounce n Play - Bounce House & Party Rentals,Monroe,North Carolina,https://ksbouncenplay.com/,https://eventrentalcosts.com/listing/k-s-bounce-n-play-bounce-house-party-rentals-monroe/,"Subject: You're listed on EventRentalCosts.com — real pricing, free

Hi K's Bounce n Play - Bounce House & Party Rentals team,

I run EventRentalCosts.com, a comparison site for real, published rental pricing in Monroe. I recently added your business with the pricing you publish on your own site — no cost to you, no login required:

https://eventrentalcosts.com/listing/k-s-bounce-n-play-bounce-house-party-rentals-monroe/

If you're able to, a link back to that page from your site (or just eventrentalcosts.com) would help other Monroe customers find you through search, and helps us keep growing the directory. Totally understand if not — either way, wanted you to know you're listed and to flag if anything looks wrong so we can fix it.

Thanks,
EventRentalCosts.com
"
Queen City Bounce and Bull Entertainment Incorparated,Monroe,North Carolina,https://queenbouncehouse.com/,https://eventrentalcosts.com/listing/queen-city-bounce-and-bull-entertainment-incorparated-monroe/,"Subject: You're listed on EventRentalCosts.com — real pricing, free

Hi Queen City Bounce and Bull Entertainment Incorparated team,

I run EventRentalCosts.com, a comparison site for real, published rental pricing in Monroe. I recently added your business with the pricing you publish on your own site — no cost to you, no login required:

https://eventrentalcosts.com/listing/queen-city-bounce-and-bull-entertainment-incorparated-monroe/

If you're able to, a link back to that page from your site (or just eventrentalcosts.com) would help other Monroe customers find you through search, and helps us keep growing the directory. Totally understand if not — either way, wanted you to know you're listed and to flag if anything looks wrong so we can fix it.

Thanks,
EventRentalCosts.com
"
Elegant And Classy Events,Mooresville,North Carolina,http://www.elegantandclassyevents.com/contact.html,https://eventrentalcosts.com/listing/elegant-and-classy-events-mooresville/,"Subject: You're listed on EventRentalCosts.com — real pricing, free

Hi Elegant And Classy Events team,

I run EventRentalCosts.com, a comparison site for real, published rental pricing in Mooresville. I recently added your business with the pricing you publish on your own site — no cost to you, no login required:

https://eventrentalcosts.com/listing/elegant-and-classy-events-mooresville/

If you're able to, a link back to that page from your site (or just eventrentalcosts.com) would help other Mooresville customers find you through search, and helps us keep growing the directory. Totally understand if not — either way, wanted you to know you're listed and to flag if anything looks wrong so we can fix it.

Thanks,
EventRentalCosts.com
"
Jump Start Events,Mooresville,North Carolina,https://www.jumpstartpartync.com/,https://eventrentalcosts.com/listing/jump-start-events-mooresville/,"Subject: You're listed on EventRentalCosts.com — real pricing, free

Hi Jump Start Events team,

I run EventRentalCosts.com, a comparison site for real, published rental pricing in Mooresville. I recently added your business with the pricing you publish on your own site — no cost to you, no login required:

https://eventrentalcosts.com/listing/jump-start-events-mooresville/

If you're able to, a link back to that page from your site (or just eventrentalcosts.com) would help other Mooresville customers find you through search, and helps us keep growing the directory. Totally understand if not — either way, wanted you to know you're listed and to flag if anything looks wrong so we can fix it.

Thanks,
EventRentalCosts.com
"
Chérie & Co. Event Rentals,Raleigh,North Carolina,https://www.republiceventrentals.com/,https://eventrentalcosts.com/listing/ch-rie-co-event-rentals-raleigh/,"Subject: You're listed on EventRentalCosts.com — real pricing, free

Hi Chérie & Co. Event Rentals team,

I run EventRentalCosts.com, a comparison site for real, published rental pricing in Raleigh. I recently added your business with the pricing you publish on your own site — no cost to you, no login required:

https://eventrentalcosts.com/listing/ch-rie-co-event-rentals-raleigh/

If you're able to, a link back to that page from your site (or just eventrentalcosts.com) would help other Raleigh customers find you through search, and helps us keep growing the directory. Totally understand if not — either way, wanted you to know you're listed and to flag if anything looks wrong so we can fix it.

Thanks,
EventRentalCosts.com
"
EcoGear Party Rental & Tailgate,Raleigh,North Carolina,http://ecogeartailgating.com/,https://eventrentalcosts.com/listing/ecogear-party-rental-tailgate-raleigh/,"Subject: You're listed on EventRentalCosts.com — real pricing, free

Hi EcoGear Party Rental & Tailgate team,

I run EventRentalCosts.com, a comparison site for real, published rental pricing in Raleigh. I recently added your business with the pricing you publish on your own site — no cost to you, no login required:

https://eventrentalcosts.com/listing/ecogear-party-rental-tailgate-raleigh/

If you're able to, a link back to that page from your site (or just eventrentalcosts.com) would help other Raleigh customers find you through search, and helps us keep growing the directory. Totally understand if not — either way, wanted you to know you're listed and to flag if anything looks wrong so we can fix it.

Thanks,
EventRentalCosts.com
"
FunFlicks Outdoor Movies of Raleigh,Raleigh,North Carolina,https://www.funflicks.com/projector-screen-rental-raleigh/,https://eventrentalcosts.com/listing/funflicks-outdoor-movies-of-raleigh-raleigh/,"Subject: You're listed on EventRentalCosts.com — real pricing, free

Hi FunFlicks Outdoor Movies of Raleigh team,

I run EventRentalCosts.com, a comparison site for real, published rental pricing in Raleigh. I recently added your business with the pricing you publish on your own site — no cost to you, no login required:

https://eventrentalcosts.com/listing/funflicks-outdoor-movies-of-raleigh-raleigh/

If you're able to, a link back to that page from your site (or just eventrentalcosts.com) would help other Raleigh customers find you through search, and helps us keep growing the directory. Totally understand if not — either way, wanted you to know you're listed and to flag if anything looks wrong so we can fix it.

Thanks,
EventRentalCosts.com
"
Holland Rent-All,Raleigh,North Carolina,http://www.hollandrentall.com/,https://eventrentalcosts.com/listing/holland-rent-all-raleigh/,"Subject: You're listed on EventRentalCosts.com — real pricing, free

Hi Holland Rent-All team,

I run EventRentalCosts.com, a comparison site for real, published rental pricing in Raleigh. I recently added your business with the pricing you publish on your own site — no cost to you, no login required:

https://eventrentalcosts.com/listing/holland-rent-all-raleigh/

If you're able to, a link back to that page from your site (or just eventrentalcosts.com) would help other Raleigh customers find you through search, and helps us keep growing the directory. Totally understand if not — either way, wanted you to know you're listed and to flag if anything looks wrong so we can fix it.

Thanks,
EventRentalCosts.com
"
Interactive Playgrounds Inc.,Raleigh,North Carolina,https://www.interactiveplaygrounds.com/,https://eventrentalcosts.com/listing/interactive-playgrounds-inc-raleigh/,"Subject: You're listed on EventRentalCosts.com — real pricing, free

Hi Interactive Playgrounds Inc. team,

I run EventRentalCosts.com, a comparison site for real, published rental pricing in Raleigh. I recently added your business with the pricing you publish on your own site — no cost to you, no login required:

https://eventrentalcosts.com/listing/interactive-playgrounds-inc-raleigh/

If you're able to, a link back to that page from your site (or just eventrentalcosts.com) would help other Raleigh customers find you through search, and helps us keep growing the directory. Totally understand if not — either way, wanted you to know you're listed and to flag if anything looks wrong so we can fix it.

Thanks,
EventRentalCosts.com
"
JESP 360 LLC,Raleigh,North Carolina,https://www.jesp360.com/,https://eventrentalcosts.com/listing/jesp-360-llc-raleigh/,"Subject: You're listed on EventRentalCosts.com — real pricing, free

Hi JESP 360 LLC team,

I run EventRentalCosts.com, a comparison site for real, published rental pricing in Raleigh. I recently added your business with the pricing you publish on your own site — no cost to you, no login required:

https://eventrentalcosts.com/listing/jesp-360-llc-raleigh/

If you're able to, a link back to that page from your site (or just eventrentalcosts.com) would help other Raleigh customers find you through search, and helps us keep growing the directory. Totally understand if not — either way, wanted you to know you're listed and to flag if anything looks wrong so we can fix it.

Thanks,
EventRentalCosts.com
"
Kreative Entertainers,Raleigh,North Carolina,http://kreative-entertainers.com/,https://eventrentalcosts.com/listing/kreative-entertainers-raleigh/,"Subject: You're listed on EventRentalCosts.com — real pricing, free

Hi Kreative Entertainers team,

I run EventRentalCosts.com, a comparison site for real, published rental pricing in Raleigh. I recently added your business with the pricing you publish on your own site — no cost to you, no login required:

https://eventrentalcosts.com/listing/kreative-entertainers-raleigh/

If you're able to, a link back to that page from your site (or just eventrentalcosts.com) would help other Raleigh customers find you through search, and helps us keep growing the directory. Totally understand if not — either way, wanted you to know you're listed and to flag if anything looks wrong so we can fix it.

Thanks,
EventRentalCosts.com
"
Magic by David,Raleigh,North Carolina,https://magicbydavid.com/raleigh-bounce-houses/,https://eventrentalcosts.com/listing/magic-by-david-raleigh/,"Subject: You're listed on EventRentalCosts.com — real pricing, free

Hi Magic by David team,

I run EventRentalCosts.com, a comparison site for real, published rental pricing in Raleigh. I recently added your business with the pricing you publish on your own site — no cost to you, no login required:

https://eventrentalcosts.com/listing/magic-by-david-raleigh/

If you're able to, a link back to that page from your site (or just eventrentalcosts.com) would help other Raleigh customers find you through search, and helps us keep growing the directory. Totally understand if not — either way, wanted you to know you're listed and to flag if anything looks wrong so we can fix it.

Thanks,
EventRentalCosts.com
"
Party Saving Rental,Raleigh,North Carolina,https://partysavingrental.com/,https://eventrentalcosts.com/listing/party-saving-rental-raleigh/,"Subject: You're listed on EventRentalCosts.com — real pricing, free

Hi Party Saving Rental team,

I run EventRentalCosts.com, a comparison site for real, published rental pricing in Raleigh. I recently added your business with the pricing you publish on your own site — no cost to you, no login required:

https://eventrentalcosts.com/listing/party-saving-rental-raleigh/

If you're able to, a link back to that page from your site (or just eventrentalcosts.com) would help other Raleigh customers find you through search, and helps us keep growing the directory. Totally understand if not — either way, wanted you to know you're listed and to flag if anything looks wrong so we can fix it.

Thanks,
EventRentalCosts.com
"
Pitch Perfect Events NC,Raleigh,North Carolina,http://pitchperfecteventsnc.com/,https://eventrentalcosts.com/listing/pitch-perfect-events-nc-raleigh/,"Subject: You're listed on EventRentalCosts.com — real pricing, free

Hi Pitch Perfect Events NC team,

I run EventRentalCosts.com, a comparison site for real, published rental pricing in Raleigh. I recently added your business with the pricing you publish on your own site — no cost to you, no login required:

https://eventrentalcosts.com/listing/pitch-perfect-events-nc-raleigh/

If you're able to, a link back to that page from your site (or just eventrentalcosts.com) would help other Raleigh customers find you through search, and helps us keep growing the directory. Totally understand if not — either way, wanted you to know you're listed and to flag if anything looks wrong so we can fix it.

Thanks,
EventRentalCosts.com
"
"Selections Rentals,LLC",Raleigh,North Carolina,http://www.selectionsrentals.com/,https://eventrentalcosts.com/listing/selections-rentals-llc-raleigh/,"Subject: You're listed on EventRentalCosts.com — real pricing, free

Hi Selections Rentals,LLC team,

I run EventRentalCosts.com, a comparison site for real, published rental pricing in Raleigh. I recently added your business with the pricing you publish on your own site — no cost to you, no login required:

https://eventrentalcosts.com/listing/selections-rentals-llc-raleigh/

If you're able to, a link back to that page from your site (or just eventrentalcosts.com) would help other Raleigh customers find you through search, and helps us keep growing the directory. Totally understand if not — either way, wanted you to know you're listed and to flag if anything looks wrong so we can fix it.

Thanks,
EventRentalCosts.com
"
Sunny Side Tent Rentals Raleigh,Raleigh,North Carolina,http://www.sunnysidetentrentals.com/,https://eventrentalcosts.com/listing/sunny-side-tent-rentals-raleigh-raleigh/,"Subject: You're listed on EventRentalCosts.com — real pricing, free

Hi Sunny Side Tent Rentals Raleigh team,

I run EventRentalCosts.com, a comparison site for real, published rental pricing in Raleigh. I recently added your business with the pricing you publish on your own site — no cost to you, no login required:

https://eventrentalcosts.com/listing/sunny-side-tent-rentals-raleigh-raleigh/

If you're able to, a link back to that page from your site (or just eventrentalcosts.com) would help other Raleigh customers find you through search, and helps us keep growing the directory. Totally understand if not — either way, wanted you to know you're listed and to flag if anything looks wrong so we can fix it.

Thanks,
EventRentalCosts.com
"
LC Event Supplies,Richmond,Virginia,https://lceventsupplies.com/,https://eventrentalcosts.com/listing/lc-event-supplies-richmond/,"Subject: You're listed on EventRentalCosts.com — real pricing, free

Hi LC Event Supplies team,

I run EventRentalCosts.com, a comparison site for real, published rental pricing in Richmond. I recently added your business with the pricing you publish on your own site — no cost to you, no login required:

https://eventrentalcosts.com/listing/lc-event-supplies-richmond/

If you're able to, a link back to that page from your site (or just eventrentalcosts.com) would help other Richmond customers find you through search, and helps us keep growing the directory. Totally understand if not — either way, wanted you to know you're listed and to flag if anything looks wrong so we can fix it.

Thanks,
EventRentalCosts.com
"
Magic Special Events,Richmond,Virginia,https://www.magicspecialevents.com/,https://eventrentalcosts.com/listing/magic-special-events-richmond/,"Subject: You're listed on EventRentalCosts.com — real pricing, free

Hi Magic Special Events team,

I run EventRentalCosts.com, a comparison site for real, published rental pricing in Richmond. I recently added your business with the pricing you publish on your own site — no cost to you, no login required:

https://eventrentalcosts.com/listing/magic-special-events-richmond/

If you're able to, a link back to that page from your site (or just eventrentalcosts.com) would help other Richmond customers find you through search, and helps us keep growing the directory. Totally understand if not — either way, wanted you to know you're listed and to flag if anything looks wrong so we can fix it.

Thanks,
EventRentalCosts.com
"
